Datetime,Water Level (m)
2025-04-04 18:00:00,0.35708654
2025-04-04 19:00:00,0.20351103
2025-04-04 20:00:00,0.024666823
2025-04-04 21:00:00,-0.072317265
2025-04-04 22:00:00,-0.12307503
2025-04-04 23:00:00,-0.1535884
2025-04-05 00:00:00,-0.18364015
2025-04-05 01:00:00,-0.18896088
2025-04-05 02:00:00,-0.10720492
2025-04-05 03:00:00,0.043099195
2025-04-05 04:00:00,0.20132926
2025-04-05 05:00:00,0.28324822
2025-04-05 06:00:00,0.26252112
2025-04-05 07:00:00,0.12642887
2025-04-05 08:00:00,-0.008361482
2025-04-05 09:00:00,-0.10087794
2025-04-05 10:00:00,-0.16442573
2025-04-05 11:00:00,-0.19909526
2025-04-05 12:00:00,-0.21234986
2025-04-05 13:00:00,-0.15003876
2025-04-05 14:00:00,0.010009805
2025-04-05 15:00:00,0.18327719
2025-04-05 16:00:00,0.34065062
2025-04-05 17:00:00,0.44557267
2025-04-05 18:00:00,0.49087265
2025-04-05 19:00:00,0.46387365
2025-04-05 20:00:00,0.34766245
2025-04-05 21:00:00,0.1667623
2025-04-05 22:00:00,0.046432745
2025-04-05 23:00:00,-0.017290603
2025-04-06 00:00:00,-0.061841507
2025-04-06 01:00:00,-0.1066217
2025-04-06 02:00:00,-0.14395523
2025-04-06 03:00:00,-0.14183187
2025-04-06 04:00:00,-0.049639717
2025-04-06 05:00:00,0.09762327
2025-04-06 06:00:00,0.23741549
2025-04-06 07:00:00,0.28934512
2025-04-06 08:00:00,0.2645922
2025-04-06 09:00:00,0.15561584
2025-04-06 10:00:00,0.047068216
2025-04-06 11:00:00,-0.04047742
2025-04-06 12:00:00,-0.1071748
2025-04-06 13:00:00,-0.14817674
2025-04-06 14:00:00,-0.16155724
2025-04-06 15:00:00,-0.08772938
2025-04-06 16:00:00,0.058754813
2025-04-06 17:00:00,0.22840282
2025-04-06 18:00:00,0.38096765
2025-04-06 19:00:00,0.46897838
2025-04-06 20:00:00,0.49612552
2025-04-06 21:00:00,0.43962294
2025-04-06 22:00:00,0.29194564
2025-04-06 23:00:00,0.12540255
2025-04-07 00:00:00,0.023105498
2025-04-07 01:00:00,-0.035033606
2025-04-07 02:00:00,-0.07628841
2025-04-07 03:00:00,-0.12101653
2025-04-07 04:00:00,-0.15298063
2025-04-07 05:00:00,-0.1281645
2025-04-07 06:00:00,0.009536896
2025-04-07 07:00:00,0.18996416
2025-04-07 08:00:00,0.3227049
2025-04-07 09:00:00,0.37133193
2025-04-07 10:00:00,0.33122018
2025-04-07 11:00:00,0.19335236
2025-04-07 12:00:00,0.06591009
2025-04-07 13:00:00,-0.040434122
2025-04-07 14:00:00,-0.10693016
2025-04-07 15:00:00,-0.13964118
2025-04-07 16:00:00,-0.12978198
2025-04-07 17:00:00,0.004792404
2025-04-07 18:00:00,0.19573687
2025-04-07 19:00:00,0.3810006
2025-04-07 20:00:00,0.5116489
2025-04-07 21:00:00,0.56809855
2025-04-07 22:00:00,0.5418362
2025-04-07 23:00:00,0.40227333
2025-04-08 00:00:00,0.20860979
2025-04-08 01:00:00,0.07835824
2025-04-08 02:00:00,0.006355381
2025-04-08 03:00:00,-0.040790867
2025-04-08 04:00:00,-0.08938532
2025-04-08 05:00:00,-0.12553445
2025-04-08 06:00:00,-0.086029254
2025-04-08 07:00:00,0.09145325
2025-04-08 08:00:00,0.29351732
2025-04-08 09:00:00,0.43575448
2025-04-08 10:00:00,0.49126902
2025-04-08 11:00:00,0.45288625
2025-04-08 12:00:00,0.2800989
2025-04-08 13:00:00,0.10934545
2025-04-08 14:00:00,-0.024897728
2025-04-08 15:00:00,-0.07500153
2025-04-08 16:00:00,-0.09826346
2025-04-08 17:00:00,-0.117610425
2025-04-08 18:00:00,-0.015377987
2025-04-08 19:00:00,0.19336632
2025-04-08 20:00:00,0.39187232
2025-04-08 21:00:00,0.53078777
2025-04-08 22:00:00,0.58705
2025-04-08 23:00:00,0.52784497
2025-04-09 00:00:00,0.34548998
2025-04-09 01:00:00,0.16728406
2025-04-09 02:00:00,0.04627128
2025-04-09 03:00:00,-0.019616442
2025-04-09 04:00:00,-0.065814406
2025-04-09 05:00:00,-0.11418788
2025-04-09 06:00:00,-0.14541896
2025-04-09 07:00:00,-0.040568765
2025-04-09 08:00:00,0.19998288
2025-04-09 09:00:00,0.39144564
2025-04-09 10:00:00,0.51206887
2025-04-09 11:00:00,0.5315792
2025-04-09 12:00:00,0.416704
2025-04-09 13:00:00,0.22225575
2025-04-09 14:00:00,0.087491915
2025-04-09 15:00:00,-0.009408646
2025-04-09 16:00:00,-0.05591625
2025-04-09 17:00:00,-0.09685193
2025-04-09 18:00:00,-0.10558068
2025-04-09 19:00:00,0.067836605
2025-04-09 20:00:00,0.30619088
2025-04-09 21:00:00,0.49899244
2025-04-09 22:00:00,0.6218984
2025-04-09 23:00:00,0.6446403
2025-04-10 00:00:00,0.5386609
2025-04-10 01:00:00,0.33474308
2025-04-10 02:00:00,0.16096346
2025-04-10 03:00:00,0.053022996
2025-04-10 04:00:00,0.0004318653
2025-04-10 05:00:00,-0.045656767
2025-04-10 06:00:00,-0.09318345
2025-04-10 07:00:00,-0.074638024
2025-04-10 08:00:00,0.17637151
2025-04-10 09:00:00,0.40587384
2025-04-10 10:00:00,0.5760969
2025-04-10 11:00:00,0.6463859
2025-04-10 12:00:00,0.6038895
2025-04-10 13:00:00,0.4281877
2025-04-10 14:00:00,0.24101046
2025-04-10 15:00:00,0.10889979
2025-04-10 16:00:00,0.03576085
2025-04-10 17:00:00,-0.008508099
2025-04-10 18:00:00,-0.049388405
